Product_ID,Product_Name,Category,Price
1,Product_1,Home,1205.12
2,Product_2,Grocery,684.32
3,Product_3,Electronics,2963.19
4,Product_4,Home,4788.7
5,Product_5,Electronics,2397.45
6,Product_6,Fashion,4109.36
7,Product_7,Grocery,3657.13
8,Product_8,Home,3304.66
9,Product_9,Sports,2492.45
10,Product_10,Sports,1316.45
11,Product_11,Home,
12,Product_12,Sports,4082.73
13,Product_13,Home,3753.66
14,Product_14,Fashion,4181.83
15,Product_15,Grocery,1930.99
16,Product_16,Grocery,2985.36
17,Product_17,Sports,1869.42
18,Product_18,Grocery,3334.57
19,Product_19,Grocery,2651.41
20,Product_20,Electronics,3598.68
21,Product_21,Electronics,3812.68
22,Product_22,Grocery,2658.36
23,Product_23,Grocery,1265.07
24,Product_24,Sports,256.59
25,Product_25,Home,2595.48
26,Product_26,Fashion,2699.13
27,Product_27,Home,3423.47
28,Product_28,Home,2450.54
29,Product_29,Sports,3213.74
30,Product_30,Home,141.44
31,Product_31,Sports,1428.78
32,Product_32,Fashion,1133.11
33,Product_33,Sports,3683.63
34,Product_34,Sports,1661.0
35,Product_35,Grocery,2400.97
36,Product_36,Fashion,442.78
37,Product_37,Electronics,3199.08
38,Product_38,Fashion,4691.26
39,Product_39,Fashion,4491.25
40,Product_40,Grocery,3018.52
41,Product_41,Sports,4622.64
42,Product_42,Sports,2468.3
43,Product_43,Fashion,3557.26
44,Product_44,Electronics,480.58
45,Product_45,Fashion,3543.48
46,Product_46,Home,4855.13
47,Product_47,Grocery,3435.33
48,Product_48,Fashion,2171.28
49,Product_49,Electronics,3815.03
50,Product_50,Sports,3960.05
51,Product_51,Fashion,2490.45
52,Product_52,Fashion,1706.49
53,Product_53,Fashion,3084.99
54,Product_54,Electronics,3946.3
55,Product_55,Home,3849.14
56,Product_56,Electronics,1587.87
57,Product_57,Home,3076.32
58,Product_58,Home,2670.47
59,Product_59,Electronics,1226.04
60,Product_60,Electronics,4571.9
61,Product_61,Grocery,2850.34
62,Product_62,Sports,1787.26
63,Product_63,Electronics,4099.97
64,Product_64,Home,4183.6
65,Product_65,Electronics,3932.2
66,Product_66,Fashion,475.01
67,Product_67,Grocery,2899.26
68,Product_68,Fashion,904.13
69,Product_69,Sports,765.69
70,Product_70,Sports,1439.78
71,Product_71,Grocery,3969.81
72,Product_72,Sports,1561.28
73,Product_73,Home,878.6
74,Product_74,Electronics,2080.54
75,Product_75,Sports,2860.24
76,Product_76,Home,3843.15
77,Product_77,Electronics,3291.79
78,Product_78,Sports,4776.84
79,Product_79,Fashion,4855.6
80,Product_80,Grocery,90.13
81,Product_81,Fashion,1022.85
82,Product_82,Electronics,2790.07
83,Product_83,Fashion,4200.6
84,Product_84,Home,4358.81
85,Product_85,Fashion,3751.37
86,Product_86,Sports,3983.07
87,Product_87,Home,2025.7
88,Product_88,Fashion,566.42
89,Product_89,Fashion,1665.17
90,Product_90,Electronics,2113.3
91,Product_91,Sports,1758.0
92,Product_92,Home,813.49
93,Product_93,Home,252.47
94,Product_94,Fashion,2448.55
95,Product_95,Home,4660.41
96,Product_96,Grocery,3183.31
97,Product_97,Electronics,2504.07
98,Product_98,Grocery,3164.18
99,Product_99,Fashion,2005.68
100,Product_100,Electronics,3139.05
101,Product_101,Grocery,580.07
102,Product_102,Fashion,3567.46
103,Product_103,Grocery,2073.4
104,Product_104,Fashion,4024.95
105,Product_105,Grocery,3702.42
106,Product_106,Fashion,4906.52
107,Product_107,Grocery,4850.76
108,Product_108,Electronics,2807.56
109,Product_109,Home,3384.21
110,Product_110,Fashion,1733.91
111,Product_111,Electronics,2767.66
112,Product_112,Home,4575.22
113,Product_113,Fashion,952.85
114,Product_114,Sports,1126.84
115,Product_115,Home,1885.36
116,Product_116,Fashion,3224.67
117,Product_117,Home,1478.43
118,Product_118,Sports,62.51
119,Product_119,Electronics,3067.08
120,Product_120,Fashion,4164.39
121,Product_121,Sports,456.82
122,Product_122,Electronics,3499.99
123,Product_123,Electronics,3055.39
124,Product_124,Fashion,2307.62
125,Product_125,Grocery,1883.11
126,Product_126,Fashion,2884.3
127,Product_127,Fashion,1529.73
128,Product_128,Grocery,3039.88
129,Product_129,Electronics,1728.31
130,Product_130,Fashion,2175.75
131,Product_131,Grocery,3118.57
132,Product_132,Grocery,2624.07
133,Product_133,Fashion,2610.88
134,Product_134,Home,3331.67
135,Product_135,Home,1396.96
136,Product_136,Home,2200.15
137,Product_137,Sports,3911.65
138,Product_138,Home,4494.56
139,Product_139,Fashion,142.77
140,Product_140,Sports,1549.81
141,Product_141,Grocery,1353.45
142,Product_142,Fashion,3211.3
143,Product_143,Home,1152.14
144,Product_144,Home,2708.37
145,Product_145,Home,554.15
146,Product_146,Grocery,4013.48
147,Product_147,Electronics,4756.21
148,Product_148,Fashion,4158.84
149,Product_149,Electronics,3850.02
150,Product_150,Grocery,2460.04
151,Product_151,Electronics,1527.37
152,Product_152,Fashion,1761.58
153,Product_153,Home,2989.02
154,Product_154,Electronics,668.7
155,Product_155,Electronics,3336.75
156,Product_156,Fashion,659.19
157,Product_157,Home,3235.07
158,Product_158,Grocery,2301.53
159,Product_159,Sports,3844.17
160,Product_160,Grocery,4806.66
161,Product_161,Fashion,3332.9
162,Product_162,Home,3486.46
163,Product_163,Fashion,710.78
164,Product_164,Home,4715.79
165,Product_165,Fashion,4811.53
166,Product_166,Electronics,2036.39
167,Product_167,Fashion,1155.09
168,Product_168,Home,3258.38
169,Product_169,Home,1579.65
170,Product_170,Fashion,2693.14
171,Product_171,Sports,2364.59
172,Product_172,Grocery,3342.7
173,Product_173,Grocery,1227.05
174,Product_174,Fashion,2705.21
175,Product_175,Electronics,1780.11
176,Product_176,Sports,4178.25
177,Product_177,Fashion,3939.49
178,Product_178,Sports,2455.62
179,Product_179,Home,1541.99
180,Product_180,Sports,1842.52
181,Product_181,Home,533.72
182,Product_182,Grocery,2042.14
183,Product_183,Sports,3947.7
184,Product_184,Fashion,3878.39
185,Product_185,Electronics,3158.95
186,Product_186,Home,3894.64
187,Product_187,Grocery,879.84
188,Product_188,Fashion,3721.23
189,Product_189,Fashion,2248.0
190,Product_190,Electronics,140.3
191,Product_191,Sports,1295.53
192,Product_192,Home,4985.6
193,Product_193,Electronics,3186.31
194,Product_194,Home,1309.7
195,Product_195,Home,3363.73
196,Product_196,Grocery,3615.8
197,Product_197,Electronics,4872.26
198,Product_198,Fashion,2802.06
199,Product_199,Electronics,2880.93
200,Product_200,Grocery,2615.1
201,Product_201,Fashion,2521.6
202,Product_202,Home,1895.67
203,Product_203,Home,233.54
204,Product_204,Sports,175.72
205,Product_205,Electronics,4132.0
206,Product_206,Home,145.51
207,Product_207,Electronics,1772.28
208,Product_208,Electronics,3312.31
209,Product_209,Home,3801.99
210,Product_210,Home,3761.04
211,Product_211,Fashion,2327.06
212,Product_212,Home,2894.39
213,Product_213,Sports,2737.83
214,Product_214,Sports,931.58
215,Product_215,Electronics,1597.38
216,Product_216,Grocery,2019.45
217,Product_217,Fashion,593.72
218,Product_218,Grocery,2912.59
219,Product_219,Sports,3339.68
220,Product_220,Home,2149.89
221,Product_221,Fashion,3400.44
222,Product_222,Home,4991.16
223,Product_223,Grocery,2459.69
224,Product_224,Fashion,1871.67
225,Product_225,Sports,3530.99
226,Product_226,Home,2067.22
227,Product_227,Grocery,336.07
228,Product_228,Sports,707.56
229,Product_229,Electronics,1111.27
230,Product_230,Grocery,4836.84
231,Product_231,Electronics,4014.18
232,Product_232,Sports,3778.74
233,Product_233,Fashion,86.14
234,Product_234,Sports,988.33
235,Product_235,Fashion,2367.07
236,Product_236,Fashion,866.59
237,Product_237,Grocery,4879.12
238,Product_238,Grocery,2189.46
239,Product_239,Sports,1602.56
240,Product_240,Electronics,2099.53
241,Product_241,Fashion,4755.94
242,Product_242,Electronics,2624.79
243,Product_243,Electronics,1020.29
244,Product_244,Home,3337.76
245,Product_245,Grocery,3384.04
246,Product_246,Home,4032.73
247,Product_247,Sports,4225.23
248,Product_248,Home,4078.11
249,Product_249,Sports,4130.59
250,Product_250,Fashion,911.83
251,Product_251,Home,948.3
252,Product_252,Home,1224.56
253,Product_253,Fashion,4058.4
254,Product_254,Electronics,3552.33
255,Product_255,Sports,750.38
256,Product_256,Sports,4326.72
257,Product_257,Sports,1982.18
258,Product_258,Grocery,563.25
259,Product_259,Grocery,3377.48
260,Product_260,Grocery,3993.98
261,Product_261,Grocery,424.02
262,Product_262,Grocery,1645.24
263,Product_263,Electronics,4035.26
264,Product_264,Sports,4620.2
265,Product_265,Sports,2471.7
266,Product_266,Grocery,2859.66
267,Product_267,Sports,4222.36
268,Product_268,Home,4332.48
269,Product_269,Fashion,4884.89
270,Product_270,Fashion,2284.95
271,Product_271,Fashion,3164.43
272,Product_272,Fashion,1918.83
273,Product_273,Grocery,3515.33
274,Product_274,Fashion,1905.18
275,Product_275,Electronics,1436.81
276,Product_276,Electronics,591.41
277,Product_277,Sports,3996.6
278,Product_278,Fashion,3345.38
279,Product_279,Home,472.37
280,Product_280,Grocery,4610.76
281,Product_281,Electronics,2580.49
282,Product_282,Grocery,3451.39
283,Product_283,Sports,336.8
284,Product_284,Sports,4136.37
285,Product_285,Sports,546.32
286,Product_286,Home,1121.12
287,Product_287,Electronics,2589.31
288,Product_288,Fashion,2708.44
289,Product_289,Electronics,4316.68
290,Product_290,Grocery,1337.85
291,Product_291,Electronics,870.77
292,Product_292,Sports,1342.13
293,Product_293,Grocery,1256.96
294,Product_294,Electronics,1652.03
295,Product_295,Electronics,4502.03
296,Product_296,Grocery,963.69
297,Product_297,Home,2731.43
298,Product_298,Electronics,106.52
299,Product_299,Home,2565.38
300,Product_300,Home,4604.66
301,Product_301,Electronics,4544.29
302,Product_302,Electronics,3674.96
303,Product_303,Home,4957.35
304,Product_304,Sports,2205.68
305,Product_305,Home,1224.33
306,Product_306,Sports,1917.22
307,Product_307,Home,1897.22
308,Product_308,Home,2134.29
309,Product_309,Electronics,3460.76
310,Product_310,Grocery,3200.72
311,Product_311,Home,4794.38
312,Product_312,Fashion,779.04
313,Product_313,Sports,2750.72
314,Product_314,Electronics,2004.02
315,Product_315,Electronics,3301.01
316,Product_316,Sports,2529.97
317,Product_317,Grocery,1150.73
318,Product_318,Grocery,4435.94
319,Product_319,Fashion,1966.26
320,Product_320,Home,3288.99
321,Product_321,Home,1320.68
322,Product_322,Electronics,2362.98
323,Product_323,Electronics,2964.67
324,Product_324,Fashion,2036.33
325,Product_325,Grocery,3603.72
326,Product_326,Electronics,3065.67
327,Product_327,Fashion,1965.17
328,Product_328,Sports,3990.62
329,Product_329,Sports,214.29
330,Product_330,Home,3610.62
331,Product_331,Grocery,3243.61
332,Product_332,Fashion,1526.92
333,Product_333,Electronics,4081.04
334,Product_334,Sports,3540.58
335,Product_335,Electronics,2280.61
336,Product_336,Electronics,660.74
337,Product_337,Fashion,3700.1
338,Product_338,Electronics,2815.33
339,Product_339,Sports,979.75
340,Product_340,Home,753.9
341,Product_341,Electronics,2349.51
342,Product_342,Grocery,2338.74
343,Product_343,Fashion,633.44
344,Product_344,Electronics,4615.25
345,Product_345,Home,3011.89
346,Product_346,Fashion,3656.7
347,Product_347,Home,4765.37
348,Product_348,Grocery,3989.66
349,Product_349,Home,912.45
350,Product_350,Electronics,2878.36
351,Product_351,Sports,2774.49
352,Product_352,Fashion,2304.7
353,Product_353,Grocery,2596.28
354,Product_354,Sports,4330.96
355,Product_355,Fashion,1197.93
356,Product_356,Sports,2748.92
357,Product_357,Grocery,4146.4
358,Product_358,Sports,3428.09
359,Product_359,Electronics,3211.95
360,Product_360,Home,2070.86
361,Product_361,Fashion,1234.6
362,Product_362,Home,4263.85
363,Product_363,Fashion,1591.92
364,Product_364,Grocery,1918.04
365,Product_365,Fashion,3868.87
366,Product_366,Grocery,654.48
367,Product_367,Fashion,3685.3
368,Product_368,Electronics,283.07
369,Product_369,Sports,795.18
370,Product_370,Electronics,1260.49
371,Product_371,Fashion,2878.22
372,Product_372,Sports,2590.47
373,Product_373,Sports,3547.34
374,Product_374,Grocery,2912.03
375,Product_375,Sports,1727.43
376,Product_376,Home,2296.29
377,Product_377,Electronics,4648.29
378,Product_378,Electronics,4292.25
379,Product_379,Fashion,1001.62
380,Product_380,Home,2083.49
381,Product_381,Sports,4542.4
382,Product_382,Grocery,1552.15
383,Product_383,Home,1305.56
384,Product_384,Electronics,73.82
385,Product_385,Fashion,4817.72
386,Product_386,Grocery,2727.31
387,Product_387,Sports,3815.79
388,Product_388,Grocery,2973.45
389,Product_389,Home,1233.39
390,Product_390,Electronics,2815.15
391,Product_391,Home,3792.47
392,Product_392,Home,3831.62
393,Product_393,Home,2314.65
394,Product_394,Electronics,4295.66
395,Product_395,Grocery,1969.48
396,Product_396,Sports,1585.31
397,Product_397,Home,4005.24
398,Product_398,Grocery,3397.8
399,Product_399,Home,4221.65
400,Product_400,Electronics,3813.51
401,Product_401,Grocery,1176.85
402,Product_402,Home,1357.77
403,Product_403,Home,3754.66
404,Product_404,Home,1699.99
405,Product_405,Fashion,4485.88
406,Product_406,Fashion,4973.0
407,Product_407,Electronics,625.74
408,Product_408,Fashion,1545.86
409,Product_409,Electronics,4489.68
410,Product_410,Home,2953.91
411,Product_411,Grocery,3640.54
412,Product_412,Sports,4226.3
413,Product_413,Fashion,509.01
414,Product_414,Fashion,1965.73
415,Product_415,Grocery,4233.37
416,Product_416,Home,2444.06
417,Product_417,Sports,2992.04
418,Product_418,Fashion,4460.45
419,Product_419,Fashion,4097.26
420,Product_420,Home,4023.59
421,Product_421,Electronics,4168.18
422,Product_422,Home,582.14
423,Product_423,Sports,4769.15
424,Product_424,Fashion,2389.65
425,Product_425,Fashion,4411.51
426,Product_426,Fashion,1485.15
427,Product_427,Home,2120.72
428,Product_428,Sports,791.8
429,Product_429,Grocery,3961.73
430,Product_430,Sports,873.78
431,Product_431,Sports,1089.94
432,Product_432,Electronics,1722.37
433,Product_433,Sports,3803.15
434,Product_434,Sports,101.56
435,Product_435,Home,1326.21
436,Product_436,Fashion,2665.7
437,Product_437,Electronics,3721.13
438,Product_438,Home,4222.11
439,Product_439,Sports,3631.65
440,Product_440,Home,950.88
441,Product_441,Sports,385.01
442,Product_442,Home,704.47
443,Product_443,Home,3919.85
444,Product_444,Home,217.16
445,Product_445,Home,4421.6
446,Product_446,Fashion,2223.21
447,Product_447,Grocery,2368.52
448,Product_448,Home,2869.04
449,Product_449,Grocery,764.36
450,Product_450,Sports,2510.16
451,Product_451,Home,959.5
452,Product_452,Electronics,395.31
453,Product_453,Home,323.11
454,Product_454,Fashion,3808.48
455,Product_455,Sports,659.85
456,Product_456,Grocery,3005.52
457,Product_457,Electronics,977.79
458,Product_458,Grocery,2063.99
459,Product_459,Grocery,1472.73
460,Product_460,Grocery,1197.55
461,Product_461,Grocery,306.83
462,Product_462,Sports,1117.59
463,Product_463,Fashion,4648.92
464,Product_464,Electronics,1435.62
465,Product_465,Electronics,3948.12
466,Product_466,Home,4180.87
467,Product_467,Fashion,2851.69
468,Product_468,Electronics,3553.2
469,Product_469,Fashion,2024.19
470,Product_470,Grocery,3289.11
471,Product_471,Sports,1738.07
472,Product_472,Fashion,4405.78
473,Product_473,Sports,3903.71
474,Product_474,Grocery,1562.33
475,Product_475,Grocery,2553.95
476,Product_476,Electronics,2437.85
477,Product_477,Home,213.38
478,Product_478,Fashion,4314.36
479,Product_479,Sports,1306.35
480,Product_480,Sports,1714.84
481,Product_481,Fashion,2420.44
482,Product_482,Electronics,1264.77
483,Product_483,Sports,4811.14
484,Product_484,Fashion,3927.35
485,Product_485,Fashion,875.26
486,Product_486,Grocery,4817.27
487,Product_487,Electronics,2670.57
488,Product_488,Home,1653.72
489,Product_489,Fashion,2080.48
490,Product_490,Fashion,4854.58
491,Product_491,Electronics,1698.46
492,Product_492,Home,2424.37
493,Product_493,Home,2775.71
494,Product_494,Electronics,2744.56
495,Product_495,Electronics,3409.74
496,Product_496,Sports,1181.99
497,Product_497,Grocery,4757.23
498,Product_498,Electronics,655.6
499,Product_499,Electronics,4589.41
500,Product_500,Electronics,4514.72
501,Product_501,Fashion,3126.09
502,Product_502,Home,2822.9
503,Product_503,Sports,4616.39
504,Product_504,Grocery,3889.64
505,Product_505,Home,2722.73
506,Product_506,Home,2851.01
507,Product_507,Sports,839.42
508,Product_508,Electronics,2510.46
509,Product_509,Grocery,1295.41
510,Product_510,Sports,4037.55
511,Product_511,Home,1843.35
512,Product_512,Electronics,909.72
513,Product_513,Sports,2395.75
514,Product_514,Fashion,1991.89
515,Product_515,Electronics,618.53
516,Product_516,Grocery,1210.55
517,Product_517,Sports,2732.41
518,Product_518,Electronics,82.81
519,Product_519,Electronics,145.96
520,Product_520,Grocery,3522.84
521,Product_521,Fashion,2659.0
522,Product_522,Electronics,1725.45
523,Product_523,Electronics,792.81
524,Product_524,Grocery,778.34
525,Product_525,Electronics,3666.58
526,Product_526,Home,457.23
527,Product_527,Fashion,1836.22
528,Product_528,Electronics,4738.22
529,Product_529,Sports,2021.83
530,Product_530,Grocery,2516.53
531,Product_531,Electronics,3309.82
532,Product_532,Fashion,324.99
533,Product_533,Grocery,2058.66
534,Product_534,Fashion,4378.51
535,Product_535,Electronics,3268.66
536,Product_536,Fashion,3910.6
537,Product_537,Sports,897.03
538,Product_538,Fashion,2264.22
539,Product_539,Electronics,895.51
540,Product_540,Home,1187.57
541,Product_541,Sports,324.24
542,Product_542,Fashion,4547.31
543,Product_543,Sports,1497.16
544,Product_544,Grocery,4663.42
545,Product_545,Sports,1048.23
546,Product_546,Sports,4839.6
547,Product_547,Grocery,4764.12
548,Product_548,Sports,4515.33
549,Product_549,Sports,1120.03
550,Product_550,Electronics,3550.73
551,Product_551,Electronics,2159.91
552,Product_552,Fashion,4328.92
553,Product_553,Sports,2254.9
554,Product_554,Grocery,809.97
555,Product_555,Electronics,2036.61
556,Product_556,Sports,1376.06
557,Product_557,Electronics,1744.09
558,Product_558,Home,3123.76
559,Product_559,Fashion,84.49
560,Product_560,Electronics,269.21
561,Product_561,Home,2849.21
562,Product_562,Home,3066.06
563,Product_563,Electronics,3363.08
564,Product_564,Fashion,3106.25
565,Product_565,Grocery,414.39
566,Product_566,Sports,278.79
567,Product_567,Fashion,815.95
568,Product_568,Grocery,675.32
569,Product_569,Sports,3539.91
570,Product_570,Electronics,2277.32
571,Product_571,Sports,4165.14
572,Product_572,Grocery,3254.85
573,Product_573,Sports,3782.06
574,Product_574,Grocery,1735.31
575,Product_575,Electronics,2987.28
576,Product_576,Fashion,1751.17
577,Product_577,Electronics,4576.7
578,Product_578,Grocery,432.76
579,Product_579,Home,4020.26
580,Product_580,Sports,462.25
581,Product_581,Electronics,866.12
582,Product_582,Home,4524.99
583,Product_583,Home,1704.52
584,Product_584,Electronics,1548.38
585,Product_585,Fashion,4974.85
586,Product_586,Fashion,4577.96
587,Product_587,Home,2828.38
588,Product_588,Sports,4142.29
589,Product_589,Home,2089.62
590,Product_590,Sports,694.92
591,Product_591,Sports,444.66
592,Product_592,Electronics,1226.79
593,Product_593,Sports,930.2
594,Product_594,Home,4764.72
595,Product_595,Grocery,3651.71
596,Product_596,Home,3810.64
597,Product_597,Home,3555.99
598,Product_598,Fashion,2426.08
599,Product_599,Fashion,1520.48
600,Product_600,Fashion,1027.89
601,Product_601,Sports,4306.64
602,Product_602,Sports,4488.84
603,Product_603,Sports,2502.27
604,Product_604,Home,4873.71
605,Product_605,Electronics,1841.42
606,Product_606,Home,1720.91
607,Product_607,Fashion,3775.78
608,Product_608,Sports,1152.86
609,Product_609,Electronics,4339.42
610,Product_610,Sports,4182.84
611,Product_611,Electronics,4583.16
612,Product_612,Grocery,3826.35
613,Product_613,Sports,1387.54
614,Product_614,Fashion,3254.01
615,Product_615,Home,670.54
616,Product_616,Home,2926.85
617,Product_617,Electronics,4806.99
618,Product_618,Sports,3618.93
619,Product_619,Sports,1471.05
620,Product_620,Fashion,375.79
621,Product_621,Home,2440.5
622,Product_622,Fashion,2105.24
623,Product_623,Home,4400.96
624,Product_624,Grocery,1940.62
625,Product_625,Fashion,673.16
626,Product_626,Electronics,2989.8
627,Product_627,Sports,1143.08
628,Product_628,Sports,1193.1
629,Product_629,Fashion,3814.35
630,Product_630,Electronics,4618.62
631,Product_631,Fashion,4566.24
632,Product_632,Grocery,784.13
633,Product_633,Electronics,588.23
634,Product_634,Grocery,3773.1
635,Product_635,Home,4106.98
636,Product_636,Electronics,1588.16
637,Product_637,Fashion,1330.19
638,Product_638,Electronics,2134.47
639,Product_639,Electronics,4400.07
640,Product_640,Grocery,2632.43
641,Product_641,Grocery,4596.11
642,Product_642,Fashion,1126.27
643,Product_643,Fashion,3073.56
644,Product_644,Fashion,2269.46
645,Product_645,Sports,859.74
646,Product_646,Grocery,2716.58
647,Product_647,Fashion,4178.62
648,Product_648,Home,3101.46
649,Product_649,Home,4562.39
650,Product_650,Electronics,3948.21
651,Product_651,Grocery,4915.54
652,Product_652,Electronics,4322.07
653,Product_653,Grocery,3958.74
654,Product_654,Grocery,2184.82
655,Product_655,Home,3721.68
656,Product_656,Grocery,3656.54
657,Product_657,Electronics,2043.29
658,Product_658,Grocery,261.4
659,Product_659,Sports,759.09
660,Product_660,Electronics,128.7
661,Product_661,Electronics,3530.7
662,Product_662,Home,2190.0
663,Product_663,Fashion,2062.57
664,Product_664,Home,1540.47
665,Product_665,Grocery,2541.03
666,Product_666,Fashion,4218.07
667,Product_667,Electronics,1624.59
668,Product_668,Fashion,3586.27
669,Product_669,Grocery,921.38
670,Product_670,Sports,668.46
671,Product_671,Grocery,2488.91
672,Product_672,Electronics,3634.39
673,Product_673,Home,3686.8
674,Product_674,Fashion,4754.3
675,Product_675,Grocery,4733.14
676,Product_676,Fashion,3128.77
677,Product_677,Sports,4781.99
678,Product_678,Electronics,2031.22
679,Product_679,Grocery,1422.02
680,Product_680,Sports,3709.74
681,Product_681,Fashion,4332.38
682,Product_682,Home,913.86
683,Product_683,Grocery,2811.78
684,Product_684,Grocery,1705.15
685,Product_685,Sports,1278.19
686,Product_686,Grocery,538.11
687,Product_687,Home,1269.05
688,Product_688,Fashion,1200.6
689,Product_689,Grocery,1280.33
690,Product_690,Grocery,299.84
691,Product_691,Electronics,2144.35
692,Product_692,Grocery,4233.41
693,Product_693,Home,1500.95
694,Product_694,Electronics,4670.35
695,Product_695,Sports,3186.03
696,Product_696,Home,1902.83
697,Product_697,Grocery,828.55
698,Product_698,Electronics,1189.25
699,Product_699,Electronics,1654.77
700,Product_700,Grocery,2028.82
701,Product_701,Grocery,1280.26
702,Product_702,Electronics,1666.94
703,Product_703,Electronics,2462.99
704,Product_704,Fashion,1859.91
705,Product_705,Home,1655.12
706,Product_706,Sports,317.99
707,Product_707,Fashion,4782.31
708,Product_708,Electronics,3188.55
709,Product_709,Grocery,1403.25
710,Product_710,Fashion,4482.04
711,Product_711,Home,4734.2
712,Product_712,Electronics,1562.46
713,Product_713,Grocery,2988.97
714,Product_714,Fashion,1888.11
715,Product_715,Grocery,4286.46
716,Product_716,Sports,1637.67
717,Product_717,Electronics,4013.88
718,Product_718,Sports,4709.83
719,Product_719,Electronics,423.07
720,Product_720,Fashion,4230.18
721,Product_721,Fashion,4521.92
722,Product_722,Grocery,3591.71
723,Product_723,Fashion,3659.67
724,Product_724,Fashion,3075.64
725,Product_725,Electronics,4661.42
726,Product_726,Home,3101.53
727,Product_727,Home,594.87
728,Product_728,Fashion,4298.69
729,Product_729,Electronics,1821.81
730,Product_730,Home,4475.98
731,Product_731,Grocery,2189.6
732,Product_732,Sports,909.7
733,Product_733,Grocery,3177.43
734,Product_734,Home,4904.27
735,Product_735,Home,1267.86
736,Product_736,Home,645.61
737,Product_737,Electronics,713.93
738,Product_738,Sports,3373.19
739,Product_739,Home,3302.81
740,Product_740,Grocery,1225.36
741,Product_741,Electronics,95.83
742,Product_742,Electronics,2318.1
743,Product_743,Fashion,1597.67
744,Product_744,Fashion,811.52
745,Product_745,Home,3055.21
746,Product_746,Fashion,2529.83
747,Product_747,Home,3354.84
748,Product_748,Home,2998.45
749,Product_749,Fashion,4392.46
750,Product_750,Grocery,989.74
751,Product_751,Home,3479.02
752,Product_752,Sports,168.69
753,Product_753,Sports,258.06
754,Product_754,Electronics,237.81
755,Product_755,Fashion,439.3
756,Product_756,Home,3838.19
757,Product_757,Electronics,3677.03
758,Product_758,Sports,3676.76
759,Product_759,Sports,786.56
760,Product_760,Sports,2646.0
761,Product_761,Sports,535.91
762,Product_762,Fashion,1075.26
763,Product_763,Home,4006.28
764,Product_764,Home,3299.4
765,Product_765,Sports,4694.44
766,Product_766,Home,2638.86
767,Product_767,Home,4836.08
768,Product_768,Fashion,3553.22
769,Product_769,Fashion,488.55
770,Product_770,Sports,4666.35
771,Product_771,Fashion,276.44
772,Product_772,Sports,3157.17
773,Product_773,Home,1939.96
774,Product_774,Sports,3805.79
775,Product_775,Home,3805.38
776,Product_776,Sports,2419.23
777,Product_777,Home,219.66
778,Product_778,Home,4748.77
779,Product_779,Electronics,825.14
780,Product_780,Sports,3633.81
781,Product_781,Fashion,605.69
782,Product_782,Grocery,2264.77
783,Product_783,Fashion,2317.6
784,Product_784,Electronics,2128.88
785,Product_785,Grocery,2357.24
786,Product_786,Electronics,3649.4
787,Product_787,Grocery,4799.17
788,Product_788,Home,296.1
789,Product_789,Sports,3038.12
790,Product_790,Sports,3813.16
791,Product_791,Sports,3162.61
792,Product_792,Fashion,1887.58
793,Product_793,Fashion,1766.06
794,Product_794,Grocery,3057.45
795,Product_795,Electronics,2087.7
796,Product_796,Home,1338.05
797,Product_797,Electronics,1354.01
798,Product_798,Home,4721.91
799,Product_799,Home,2657.93
800,Product_800,Electronics,2274.73
801,Product_801,Fashion,4348.57
802,Product_802,Electronics,3826.16
803,Product_803,Fashion,465.81
804,Product_804,Electronics,1803.9
805,Product_805,Sports,1787.92
806,Product_806,Home,3988.25
807,Product_807,Fashion,1075.78
808,Product_808,Electronics,1282.27
809,Product_809,Home,2543.71
810,Product_810,Grocery,1087.07
811,Product_811,Electronics,130.47
812,Product_812,Sports,716.78
813,Product_813,Fashion,4182.73
814,Product_814,Grocery,2171.19
815,Product_815,Home,1239.12
816,Product_816,Home,3532.35
817,Product_817,Electronics,3983.28
818,Product_818,Electronics,3401.18
819,Product_819,Sports,1923.71
820,Product_820,Sports,2431.11
821,Product_821,Home,3924.69
822,Product_822,Fashion,583.27
823,Product_823,Grocery,2760.15
824,Product_824,Electronics,112.45
825,Product_825,Electronics,760.71
826,Product_826,Fashion,735.55
827,Product_827,Fashion,4778.76
828,Product_828,Electronics,1718.23
829,Product_829,Fashion,3308.01
830,Product_830,Electronics,1514.15
831,Product_831,Electronics,2561.04
832,Product_832,Sports,3345.75
833,Product_833,Grocery,4596.09
834,Product_834,Home,2861.74
835,Product_835,Home,2037.23
836,Product_836,Sports,1222.66
837,Product_837,Fashion,2417.64
838,Product_838,Home,1918.66
839,Product_839,Grocery,1112.05
840,Product_840,Fashion,4001.75
841,Product_841,Grocery,1281.22
842,Product_842,Electronics,3873.61
843,Product_843,Sports,186.11
844,Product_844,Grocery,443.37
845,Product_845,Sports,1598.71
846,Product_846,Grocery,1570.71
847,Product_847,Home,4930.28
848,Product_848,Fashion,3473.63
849,Product_849,Sports,576.47
850,Product_850,Home,2853.65
851,Product_851,Fashion,1604.75
852,Product_852,Home,2095.9
853,Product_853,Sports,805.39
854,Product_854,Grocery,2507.83
855,Product_855,Sports,1828.17
856,Product_856,Home,3047.9
857,Product_857,Fashion,825.97
858,Product_858,Fashion,818.25
859,Product_859,Electronics,3177.59
860,Product_860,Grocery,70.68
861,Product_861,Grocery,1286.57
862,Product_862,Fashion,1161.05
863,Product_863,Home,242.82
864,Product_864,Home,3730.61
865,Product_865,Electronics,4272.92
866,Product_866,Electronics,963.04
867,Product_867,Sports,3313.51
868,Product_868,Electronics,2841.12
869,Product_869,Electronics,4139.03
870,Product_870,Grocery,4618.99
871,Product_871,Sports,3872.4
872,Product_872,Electronics,4418.68
873,Product_873,Home,1717.23
874,Product_874,Electronics,2042.61
875,Product_875,Electronics,3562.71
876,Product_876,Grocery,4256.51
877,Product_877,Home,2916.62
878,Product_878,Fashion,2659.66
879,Product_879,Home,3868.05
880,Product_880,Electronics,3192.68
881,Product_881,Home,2939.33
882,Product_882,Home,4008.3
883,Product_883,Grocery,460.34
884,Product_884,Sports,2394.49
885,Product_885,Sports,1648.65
886,Product_886,Fashion,4061.05
887,Product_887,Grocery,1548.59
888,Product_888,Grocery,123.33
889,Product_889,Fashion,4006.26
890,Product_890,Grocery,3485.69
891,Product_891,Sports,1292.76
892,Product_892,Grocery,4190.14
893,Product_893,Grocery,3634.73
894,Product_894,Grocery,4348.12
895,Product_895,Fashion,2337.02
896,Product_896,Grocery,1866.61
897,Product_897,Electronics,4717.96
898,Product_898,Electronics,4571.33
899,Product_899,Home,3492.48
900,Product_900,Sports,3411.25
901,Product_901,Fashion,4070.26
902,Product_902,Sports,3950.53
903,Product_903,Sports,3823.06
904,Product_904,Home,2073.38
905,Product_905,Fashion,472.09
906,Product_906,Electronics,2298.29
907,Product_907,Sports,4373.12
908,Product_908,Electronics,4174.9
909,Product_909,Sports,4162.56
910,Product_910,Sports,4030.98
911,Product_911,Fashion,669.71
912,Product_912,Home,4242.64
913,Product_913,Sports,4784.24
914,Product_914,Fashion,757.92
915,Product_915,Home,3645.09
916,Product_916,Grocery,2822.98
917,Product_917,Electronics,1482.86
918,Product_918,Electronics,1141.2
919,Product_919,Grocery,1440.47
920,Product_920,Sports,3790.31
921,Product_921,Sports,563.04
922,Product_922,Fashion,3185.77
923,Product_923,Fashion,98.05
924,Product_924,Grocery,4612.07
925,Product_925,Electronics,825.03
926,Product_926,Sports,2252.42
927,Product_927,Fashion,3359.16
928,Product_928,Electronics,1593.5
929,Product_929,Home,2536.52
930,Product_930,Fashion,56.75
931,Product_931,Home,3972.31
932,Product_932,Fashion,2293.51
933,Product_933,Sports,3319.88
934,Product_934,Grocery,2320.92
935,Product_935,Grocery,392.58
936,Product_936,Fashion,567.6
937,Product_937,Home,3826.49
938,Product_938,Home,1395.24
939,Product_939,Grocery,669.46
940,Product_940,Home,2315.74
941,Product_941,Electronics,3018.24
942,Product_942,Fashion,2302.22
943,Product_943,Grocery,185.24
944,Product_944,Home,4296.36
945,Product_945,Sports,1364.35
946,Product_946,Sports,3155.57
947,Product_947,Sports,4609.48
948,Product_948,Sports,2276.4
949,Product_949,Grocery,4715.71
950,Product_950,Grocery,3061.87
951,Product_951,Sports,1996.26
952,Product_952,Grocery,1480.21
953,Product_953,Home,4088.31
954,Product_954,Electronics,4819.19
955,Product_955,Home,71.32
956,Product_956,Grocery,133.76
957,Product_957,Home,2161.81
958,Product_958,Electronics,1785.43
959,Product_959,Sports,3528.97
960,Product_960,Home,275.09
961,Product_961,Home,4631.03
962,Product_962,Electronics,1245.11
963,Product_963,Sports,452.01
964,Product_964,Fashion,3032.68
965,Product_965,Electronics,1511.85
966,Product_966,Grocery,870.43
967,Product_967,Home,2011.02
968,Product_968,Electronics,4658.55
969,Product_969,Home,354.09
970,Product_970,Sports,1488.44
971,Product_971,Sports,2030.03
972,Product_972,Sports,1536.55
973,Product_973,Sports,1923.93
974,Product_974,Sports,4090.73
975,Product_975,Fashion,1394.54
976,Product_976,Home,2607.98
977,Product_977,Grocery,109.98
978,Product_978,Electronics,2056.17
979,Product_979,Electronics,175.5
980,Product_980,Home,4610.7
981,Product_981,Electronics,3999.77
982,Product_982,Home,3779.79
983,Product_983,Grocery,2457.12
984,Product_984,Fashion,3286.52
985,Product_985,Fashion,2891.9
986,Product_986,Grocery,2997.82
987,Product_987,Electronics,4088.57
988,Product_988,Electronics,2248.55
989,Product_989,Electronics,597.71
990,Product_990,Sports,2239.63
991,Product_991,Home,3532.25
992,Product_992,Electronics,4169.13
993,Product_993,Electronics,1426.26
994,Product_994,Electronics,892.59
995,Product_995,Fashion,1376.85
996,Product_996,Fashion,476.35
997,Product_997,Sports,1704.23
998,Product_998,Fashion,2143.23
999,Product_999,Grocery,1175.88
1000,Product_1000,Sports,3344.64
1001,Product_1001,Sports,1550.04
1002,Product_1002,Fashion,3665.54
1003,Product_1003,Grocery,1901.43
1004,Product_1004,Electronics,1182.62
1005,Product_1005,Electronics,2426.22
1006,Product_1006,Grocery,4101.79
1007,Product_1007,Electronics,1832.96
1008,Product_1008,Electronics,4388.35
1009,Product_1009,Sports,1590.03
1010,Product_1010,Home,2938.85
1011,Product_1011,Fashion,3151.21
1012,Product_1012,Home,1111.49
1013,Product_1013,Sports,3602.28
1014,Product_1014,Home,2414.23
1015,Product_1015,Home,1215.02
1016,Product_1016,Sports,1121.46
1017,Product_1017,Home,4351.81
1018,Product_1018,Grocery,3487.63
1019,Product_1019,Home,1401.58
1020,Product_1020,Grocery,3602.4
1021,Product_1021,Grocery,4649.02
1022,Product_1022,Sports,3974.26
1023,Product_1023,Sports,4122.28
1024,Product_1024,Fashion,1911.77
1025,Product_1025,Grocery,4850.26
1026,Product_1026,Grocery,4186.19
1027,Product_1027,Home,4335.5
1028,Product_1028,Electronics,2789.37
1029,Product_1029,Electronics,1340.83
1030,Product_1030,Grocery,4955.61
1031,Product_1031,Grocery,1403.72
1032,Product_1032,Home,3965.6
1033,Product_1033,Home,4591.18
1034,Product_1034,Electronics,2229.58
1035,Product_1035,Fashion,2180.58
1036,Product_1036,Electronics,1851.0
1037,Product_1037,Grocery,2414.57
1038,Product_1038,Home,4132.54
1039,Product_1039,Electronics,3057.25
1040,Product_1040,Electronics,4410.14
1041,Product_1041,Fashion,1973.48
1042,Product_1042,Sports,171.26
1043,Product_1043,Grocery,2808.6
1044,Product_1044,Fashion,4675.59
1045,Product_1045,Home,3763.07
1046,Product_1046,Grocery,1546.19
1047,Product_1047,Sports,4107.07
1048,Product_1048,Home,3485.11
1049,Product_1049,Fashion,127.1
1050,Product_1050,Fashion,3329.98
1051,Product_1051,Electronics,1835.07
1052,Product_1052,Grocery,4242.43
1053,Product_1053,Grocery,3016.53
1054,Product_1054,Grocery,1290.16
1055,Product_1055,Electronics,2403.41
1056,Product_1056,Home,3635.28
1057,Product_1057,Sports,2017.79
1058,Product_1058,Fashion,4826.15
1059,Product_1059,Sports,1644.66
1060,Product_1060,Electronics,4177.07
1061,Product_1061,Sports,1679.87
1062,Product_1062,Home,4623.39
1063,Product_1063,Electronics,4925.31
1064,Product_1064,Electronics,287.16
1065,Product_1065,Electronics,3929.67
1066,Product_1066,Electronics,3352.75
1067,Product_1067,Fashion,461.66
1068,Product_1068,Home,2149.46
1069,Product_1069,Sports,398.55
1070,Product_1070,Sports,2325.38
1071,Product_1071,Fashion,1326.72
1072,Product_1072,Sports,4841.32
1073,Product_1073,Electronics,3152.66
1074,Product_1074,Electronics,739.61
1075,Product_1075,Electronics,4284.31
1076,Product_1076,Sports,282.05
1077,Product_1077,Grocery,2584.37
1078,Product_1078,Fashion,2677.74
1079,Product_1079,Home,3346.75
1080,Product_1080,Sports,4169.43
1081,Product_1081,Sports,303.61
1082,Product_1082,Home,4270.85
1083,Product_1083,Grocery,682.89
1084,Product_1084,Fashion,414.2
1085,Product_1085,Sports,3343.29
1086,Product_1086,Home,668.1
1087,Product_1087,Grocery,4746.0
1088,Product_1088,Home,3159.24
1089,Product_1089,Fashion,4287.59
1090,Product_1090,Home,4848.66
1091,Product_1091,Grocery,397.53
1092,Product_1092,Electronics,675.9
1093,Product_1093,Sports,3871.9
1094,Product_1094,Grocery,2757.4
1095,Product_1095,Grocery,153.91
1096,Product_1096,Sports,3765.73
1097,Product_1097,Home,3649.81
1098,Product_1098,Electronics,4118.64
1099,Product_1099,Electronics,2429.43
1100,Product_1100,Grocery,3208.47
1101,Product_1101,Grocery,4150.93
1102,Product_1102,Fashion,988.44
1103,Product_1103,Home,3834.66
1104,Product_1104,Home,3057.38
1105,Product_1105,Fashion,2558.38
1106,Product_1106,Sports,4569.65
1107,Product_1107,Home,2975.72
1108,Product_1108,Home,4245.7
1109,Product_1109,Grocery,1405.88
1110,Product_1110,Sports,779.34
1111,Product_1111,Sports,3348.8
1112,Product_1112,Grocery,3684.15
1113,Product_1113,Grocery,4888.68
1114,Product_1114,Sports,3952.55
1115,Product_1115,Home,788.47
1116,Product_1116,Electronics,4034.96
1117,Product_1117,Sports,915.28
1118,Product_1118,Sports,1239.98
1119,Product_1119,Sports,1337.18
1120,Product_1120,Grocery,2859.97
1121,Product_1121,Fashion,4684.6
1122,Product_1122,Sports,965.8
1123,Product_1123,Fashion,2101.65
1124,Product_1124,Sports,1327.78
1125,Product_1125,Grocery,1428.18
1126,Product_1126,Home,4017.1
1127,Product_1127,Sports,3845.38
1128,Product_1128,Electronics,2203.28
1129,Product_1129,Electronics,4366.94
1130,Product_1130,Grocery,418.21
1131,Product_1131,Home,1142.89
1132,Product_1132,Sports,1324.64
1133,Product_1133,Electronics,3552.29
1134,Product_1134,Home,1636.35
1135,Product_1135,Fashion,2420.57
1136,Product_1136,Fashion,1620.46
1137,Product_1137,Electronics,2989.47
1138,Product_1138,Home,3866.07
1139,Product_1139,Grocery,3508.07
1140,Product_1140,Sports,3910.99
1141,Product_1141,Sports,2420.6
1142,Product_1142,Fashion,308.05
1143,Product_1143,Grocery,2906.78
1144,Product_1144,Fashion,128.27
1145,Product_1145,Grocery,4774.92
1146,Product_1146,Electronics,2366.41
1147,Product_1147,Home,2091.66
1148,Product_1148,Electronics,2006.59
1149,Product_1149,Grocery,1121.0
1150,Product_1150,Fashion,1653.8
1151,Product_1151,Electronics,408.68
1152,Product_1152,Fashion,917.29
1153,Product_1153,Sports,1756.27
1154,Product_1154,Home,2967.71
1155,Product_1155,Grocery,2368.62
1156,Product_1156,Sports,3621.35
1157,Product_1157,Fashion,1018.05
1158,Product_1158,Sports,4884.89
1159,Product_1159,Fashion,1613.44
1160,Product_1160,Grocery,383.87
1161,Product_1161,Home,1311.54
1162,Product_1162,Electronics,1383.69
1163,Product_1163,Home,413.78
1164,Product_1164,Home,3393.29
1165,Product_1165,Home,4817.72
1166,Product_1166,Sports,108.65
1167,Product_1167,Fashion,2157.2
1168,Product_1168,Home,1995.08
1169,Product_1169,Electronics,4321.08
1170,Product_1170,Fashion,561.88
1171,Product_1171,Fashion,4742.97
1172,Product_1172,Grocery,3664.9
1173,Product_1173,Electronics,1066.17
1174,Product_1174,Sports,3992.59
1175,Product_1175,Home,262.66
1176,Product_1176,Electronics,4783.39
1177,Product_1177,Sports,3728.42
1178,Product_1178,Sports,3512.16
1179,Product_1179,Fashion,4821.84
1180,Product_1180,Sports,4971.42
1181,Product_1181,Home,739.61
1182,Product_1182,Grocery,1154.7
1183,Product_1183,Electronics,4006.89
1184,Product_1184,Sports,4445.48
1185,Product_1185,Electronics,2647.58
1186,Product_1186,Home,900.24
1187,Product_1187,Home,1186.16
1188,Product_1188,Fashion,4908.87
1189,Product_1189,Grocery,2746.6
1190,Product_1190,Home,960.27
1191,Product_1191,Electronics,711.98
1192,Product_1192,Electronics,3105.05
1193,Product_1193,Grocery,2774.55
1194,Product_1194,Fashion,2746.61
1195,Product_1195,Electronics,4156.54
1196,Product_1196,Grocery,2212.42
1197,Product_1197,Home,2475.78
1198,Product_1198,Grocery,3822.06
1199,Product_1199,Fashion,3164.69
1200,Product_1200,Sports,377.8
1201,Product_1201,Fashion,3670.28
1202,Product_1202,Electronics,1799.74
1203,Product_1203,Electronics,3437.93
1204,Product_1204,Fashion,140.69
1205,Product_1205,Electronics,4430.76
1206,Product_1206,Sports,2590.67
1207,Product_1207,Sports,1552.69
1208,Product_1208,Grocery,3854.49
1209,Product_1209,Grocery,687.67
1210,Product_1210,Electronics,1079.56
1211,Product_1211,Home,113.68
1212,Product_1212,Home,103.14
1213,Product_1213,Grocery,716.47
1214,Product_1214,Grocery,1645.08
1215,Product_1215,Sports,3741.82
1216,Product_1216,Grocery,1193.02
1217,Product_1217,Grocery,3364.84
1218,Product_1218,Fashion,4391.92
1219,Product_1219,Home,1027.58
1220,Product_1220,Grocery,1687.93
1221,Product_1221,Home,2892.86
1222,Product_1222,Grocery,3849.22
1223,Product_1223,Sports,4254.63
1224,Product_1224,Sports,199.17
1225,Product_1225,Home,603.69
1226,Product_1226,Grocery,3561.85
1227,Product_1227,Home,663.64
1228,Product_1228,Sports,3080.47
1229,Product_1229,Fashion,2382.66
1230,Product_1230,Grocery,95.79
1231,Product_1231,Fashion,4297.73
1232,Product_1232,Fashion,1900.39
1233,Product_1233,Electronics,368.17
1234,Product_1234,Home,1978.2
1235,Product_1235,Sports,1985.27
1236,Product_1236,Electronics,2348.32
1237,Product_1237,Fashion,3444.58
1238,Product_1238,Fashion,1486.24
1239,Product_1239,Electronics,2783.98
1240,Product_1240,Electronics,1679.53
1241,Product_1241,Fashion,2474.52
1242,Product_1242,Home,756.37
1243,Product_1243,Grocery,4159.17
1244,Product_1244,Sports,2602.84
1245,Product_1245,Electronics,691.49
1246,Product_1246,Electronics,639.13
1247,Product_1247,Electronics,1623.36
1248,Product_1248,Home,3288.27
1249,Product_1249,Home,3095.61
1250,Product_1250,Grocery,538.64
1251,Product_1251,Grocery,654.74
1252,Product_1252,Fashion,3556.32
1253,Product_1253,Grocery,841.0
1254,Product_1254,Grocery,3496.75
1255,Product_1255,Sports,3320.26
1256,Product_1256,Fashion,4680.47
1257,Product_1257,Sports,2540.91
1258,Product_1258,Home,1005.88
1259,Product_1259,Fashion,3257.21
1260,Product_1260,Fashion,1213.31
1261,Product_1261,Fashion,3713.84
1262,Product_1262,Home,2509.87
1263,Product_1263,Fashion,913.07
1264,Product_1264,Grocery,3743.45
1265,Product_1265,Electronics,2999.28
1266,Product_1266,Electronics,3869.36
1267,Product_1267,Fashion,623.27
1268,Product_1268,Fashion,3892.65
1269,Product_1269,Home,1630.74
1270,Product_1270,Home,4182.38
1271,Product_1271,Sports,2254.34
1272,Product_1272,Grocery,2783.21
1273,Product_1273,Grocery,2039.24
1274,Product_1274,Home,458.16
1275,Product_1275,Sports,1417.98
1276,Product_1276,Grocery,142.47
1277,Product_1277,Fashion,148.37
1278,Product_1278,Sports,4021.59
1279,Product_1279,Sports,4459.93
1280,Product_1280,Sports,84.62
1281,Product_1281,Sports,2380.89
1282,Product_1282,Fashion,2187.24
1283,Product_1283,Grocery,4142.75
1284,Product_1284,Grocery,931.55
1285,Product_1285,Fashion,1871.48
1286,Product_1286,Fashion,4800.14
1287,Product_1287,Fashion,3320.72
1288,Product_1288,Grocery,3001.47
1289,Product_1289,Fashion,273.72
1290,Product_1290,Home,2839.48
1291,Product_1291,Home,1639.82
1292,Product_1292,Electronics,3017.94
1293,Product_1293,Grocery,579.53
1294,Product_1294,Sports,3937.01
1295,Product_1295,Grocery,3997.53
1296,Product_1296,Fashion,140.69
1297,Product_1297,Home,3805.05
1298,Product_1298,Grocery,2087.8
1299,Product_1299,Fashion,2238.65
1300,Product_1300,Electronics,1659.44
1301,Product_1301,Home,484.43
1302,Product_1302,Sports,52.78
1303,Product_1303,Fashion,4895.58
1304,Product_1304,Sports,4841.5
1305,Product_1305,Electronics,2350.54
1306,Product_1306,Electronics,4000.06
1307,Product_1307,Grocery,4397.06
1308,Product_1308,Grocery,948.59
1309,Product_1309,Sports,1047.02
1310,Product_1310,Home,2995.81
1311,Product_1311,Sports,350.9
1312,Product_1312,Home,1019.0
1313,Product_1313,Electronics,2191.48
1314,Product_1314,Sports,693.03
1315,Product_1315,Sports,3196.32
1316,Product_1316,Grocery,2954.22
1317,Product_1317,Home,84.81
1318,Product_1318,Electronics,1439.78
1319,Product_1319,Grocery,3715.34
1320,Product_1320,Sports,3666.09
1321,Product_1321,Home,3041.27
1322,Product_1322,Sports,2907.71
1323,Product_1323,Electronics,676.9
1324,Product_1324,Fashion,3185.34
1325,Product_1325,Electronics,3494.86
1326,Product_1326,Grocery,4566.21
1327,Product_1327,Home,1095.66
1328,Product_1328,Sports,3753.43
1329,Product_1329,Grocery,3399.3
1330,Product_1330,Sports,2591.15
1331,Product_1331,Sports,4310.86
1332,Product_1332,Electronics,2012.99
1333,Product_1333,Fashion,2753.19
1334,Product_1334,Sports,3890.91
1335,Product_1335,Grocery,2363.69
1336,Product_1336,Sports,303.19
1337,Product_1337,Electronics,92.34
1338,Product_1338,Home,2377.81
1339,Product_1339,Sports,2957.56
1340,Product_1340,Sports,2932.84
1341,Product_1341,Fashion,4255.78
1342,Product_1342,Fashion,3920.08
1343,Product_1343,Fashion,2339.65
1344,Product_1344,Fashion,4354.26
1345,Product_1345,Electronics,1421.66
1346,Product_1346,Sports,2286.9
1347,Product_1347,Grocery,4532.85
1348,Product_1348,Grocery,3731.9
1349,Product_1349,Fashion,1958.73
1350,Product_1350,Grocery,1459.81
1351,Product_1351,Home,1523.71
1352,Product_1352,Sports,4160.21
1353,Product_1353,Home,590.17
1354,Product_1354,Fashion,203.41
1355,Product_1355,Sports,1284.95
1356,Product_1356,Sports,3278.68
1357,Product_1357,Sports,1086.02
1358,Product_1358,Sports,2602.84
1359,Product_1359,Home,3716.82
1360,Product_1360,Sports,4071.26
1361,Product_1361,Fashion,4832.33
1362,Product_1362,Fashion,2556.09
1363,Product_1363,Grocery,2279.68
1364,Product_1364,Home,4613.57
1365,Product_1365,Sports,1682.84
1366,Product_1366,Home,406.61
1367,Product_1367,Grocery,2654.93
1368,Product_1368,Electronics,4955.36
1369,Product_1369,Grocery,2469.59
1370,Product_1370,Home,331.11
1371,Product_1371,Electronics,3278.17
1372,Product_1372,Home,4041.53
1373,Product_1373,Home,2355.17
1374,Product_1374,Grocery,514.9
1375,Product_1375,Electronics,1615.7
1376,Product_1376,Electronics,3227.5
1377,Product_1377,Sports,2485.05
1378,Product_1378,Sports,1128.66
1379,Product_1379,Grocery,825.77
1380,Product_1380,Sports,1026.99
1381,Product_1381,Electronics,1641.66
1382,Product_1382,Grocery,1219.67
1383,Product_1383,Sports,2073.56
1384,Product_1384,Grocery,3039.87
1385,Product_1385,Fashion,4771.98
1386,Product_1386,Electronics,3426.48
1387,Product_1387,Grocery,3653.82
1388,Product_1388,Grocery,480.64
1389,Product_1389,Home,4652.0
1390,Product_1390,Grocery,1609.55
1391,Product_1391,Fashion,2320.07
1392,Product_1392,Fashion,3487.06
1393,Product_1393,Fashion,4053.87
1394,Product_1394,Grocery,3134.19
1395,Product_1395,Electronics,1349.28
1396,Product_1396,Grocery,982.45
1397,Product_1397,Home,1266.05
1398,Product_1398,Fashion,2462.13
1399,Product_1399,Sports,2148.21
1400,Product_1400,Electronics,1682.21
1401,Product_1401,Fashion,2946.54
1402,Product_1402,Fashion,1604.12
1403,Product_1403,Electronics,3489.56
1404,Product_1404,Grocery,4570.57
1405,Product_1405,Home,231.9
1406,Product_1406,Fashion,612.05
1407,Product_1407,Home,414.53
1408,Product_1408,Fashion,4873.16
1409,Product_1409,Fashion,4688.24
1410,Product_1410,Home,2839.82
1411,Product_1411,Electronics,4006.02
1412,Product_1412,Electronics,3841.56
1413,Product_1413,Grocery,2777.51
1414,Product_1414,Sports,4639.5
1415,Product_1415,Grocery,511.56
1416,Product_1416,Electronics,2414.16
1417,Product_1417,Fashion,4221.56
1418,Product_1418,Home,196.84
1419,Product_1419,Grocery,561.67
1420,Product_1420,Grocery,885.86
1421,Product_1421,Sports,4536.44
1422,Product_1422,Electronics,3263.08
1423,Product_1423,Fashion,1855.15
1424,Product_1424,Sports,1452.25
1425,Product_1425,Grocery,3490.12
1426,Product_1426,Fashion,3372.42
1427,Product_1427,Fashion,1886.34
1428,Product_1428,Fashion,4065.83
1429,Product_1429,Electronics,2924.13
1430,Product_1430,Home,674.04
1431,Product_1431,Fashion,1100.62
1432,Product_1432,Home,2172.08
1433,Product_1433,Sports,2517.17
1434,Product_1434,Fashion,3048.29
1435,Product_1435,Grocery,4618.51
1436,Product_1436,Grocery,1198.83
1437,Product_1437,Grocery,2466.39
1438,Product_1438,Sports,2903.96
1439,Product_1439,Home,355.5
1440,Product_1440,Sports,225.06
1441,Product_1441,Grocery,930.82
1442,Product_1442,Home,2031.52
1443,Product_1443,Grocery,3618.32
1444,Product_1444,Home,4742.8
1445,Product_1445,Sports,4454.47
1446,Product_1446,Grocery,135.99
1447,Product_1447,Sports,790.85
1448,Product_1448,Fashion,2248.41
1449,Product_1449,Home,3398.85
1450,Product_1450,Sports,565.71
1451,Product_1451,Home,233.77
1452,Product_1452,Electronics,167.6
1453,Product_1453,Electronics,4783.12
1454,Product_1454,Electronics,904.59
1455,Product_1455,Grocery,1075.67
1456,Product_1456,Sports,1301.61
1457,Product_1457,Home,214.16
1458,Product_1458,Grocery,3015.71
1459,Product_1459,Home,4566.2
1460,Product_1460,Electronics,952.49
1461,Product_1461,Grocery,2778.6
1462,Product_1462,Grocery,3445.04
1463,Product_1463,Electronics,2961.42
1464,Product_1464,Grocery,3716.13
1465,Product_1465,Home,2911.06
1466,Product_1466,Sports,3926.82
1467,Product_1467,Electronics,776.19
1468,Product_1468,Grocery,4258.0
1469,Product_1469,Electronics,173.21
1470,Product_1470,Home,840.1
1471,Product_1471,Electronics,258.51
1472,Product_1472,Grocery,4493.69
1473,Product_1473,Sports,4428.08
1474,Product_1474,Home,1204.21
1475,Product_1475,Fashion,2250.13
1476,Product_1476,Electronics,950.06
1477,Product_1477,Sports,1612.0
1478,Product_1478,Home,2820.32
1479,Product_1479,Sports,3689.92
1480,Product_1480,Grocery,4451.24
1481,Product_1481,Grocery,4458.79
1482,Product_1482,Grocery,357.59
1483,Product_1483,Sports,796.09
1484,Product_1484,Electronics,4161.44
1485,Product_1485,Grocery,4801.93
1486,Product_1486,Sports,2135.87
1487,Product_1487,Fashion,2789.36
1488,Product_1488,Home,1330.5
1489,Product_1489,Sports,1860.09
1490,Product_1490,Fashion,1654.02
1491,Product_1491,Electronics,2480.79
1492,Product_1492,Home,4230.98
1493,Product_1493,Electronics,4101.44
1494,Product_1494,Fashion,3251.33
1495,Product_1495,Fashion,2227.81
1496,Product_1496,Fashion,4588.24
1497,Product_1497,Home,925.58
1498,Product_1498,Sports,1126.72
1499,Product_1499,Fashion,2355.59
1500,Product_1500,Sports,2372.9
1501,Product_1501,Fashion,4535.39
1502,Product_1502,Electronics,119.77
1503,Product_1503,Sports,4061.79
1504,Product_1504,Fashion,1399.29
1505,Product_1505,Home,2418.83
1506,Product_1506,Electronics,3888.41
1507,Product_1507,Electronics,4970.34
1508,Product_1508,Sports,754.28
1509,Product_1509,Sports,2594.05
1510,Product_1510,Grocery,2296.11
1511,Product_1511,Grocery,2751.49
1512,Product_1512,Electronics,2024.48
1513,Product_1513,Grocery,3988.05
1514,Product_1514,Grocery,2587.62
1515,Product_1515,Electronics,4473.23
1516,Product_1516,Home,3551.85
1517,Product_1517,Home,1322.93
1518,Product_1518,Fashion,182.89
1519,Product_1519,Home,1019.58
1520,Product_1520,Sports,418.93
1521,Product_1521,Electronics,4710.46
1522,Product_1522,Home,1706.71
1523,Product_1523,Electronics,2736.61
1524,Product_1524,Electronics,3984.75
1525,Product_1525,Home,3465.37
1526,Product_1526,Home,1921.09
1527,Product_1527,Sports,4848.6
1528,Product_1528,Electronics,4198.66
1529,Product_1529,Sports,764.51
1530,Product_1530,Electronics,2642.3
1531,Product_1531,Fashion,4406.58
1532,Product_1532,Fashion,711.0
1533,Product_1533,Fashion,1229.2
1534,Product_1534,Fashion,3377.64
1535,Product_1535,Home,461.87
1536,Product_1536,Electronics,3969.43
1537,Product_1537,Electronics,2905.16
1538,Product_1538,Sports,4886.67
1539,Product_1539,Sports,3420.52
1540,Product_1540,Home,147.62
1541,Product_1541,Electronics,63.68
1542,Product_1542,Sports,2382.84
1543,Product_1543,Home,3908.25
1544,Product_1544,Electronics,2455.2
1545,Product_1545,Electronics,1866.74
1546,Product_1546,Electronics,2423.72
1547,Product_1547,Electronics,3636.43
1548,Product_1548,Fashion,2382.91
1549,Product_1549,Grocery,338.17
1550,Product_1550,Sports,1163.43
1551,Product_1551,Home,2915.96
1552,Product_1552,Home,3005.66
1553,Product_1553,Fashion,3511.97
1554,Product_1554,Electronics,2090.81
1555,Product_1555,Electronics,1671.24
1556,Product_1556,Sports,503.37
1557,Product_1557,Electronics,4629.51
1558,Product_1558,Electronics,3397.61
1559,Product_1559,Home,4085.45
1560,Product_1560,Fashion,2798.57
1561,Product_1561,Grocery,188.98
1562,Product_1562,Electronics,108.51
1563,Product_1563,Fashion,785.56
1564,Product_1564,Grocery,2848.46
1565,Product_1565,Grocery,3446.08
1566,Product_1566,Sports,3531.48
1567,Product_1567,Electronics,919.34
1568,Product_1568,Grocery,109.18
1569,Product_1569,Home,3119.52
1570,Product_1570,Sports,1854.15
1571,Product_1571,Home,3963.25
1572,Product_1572,Home,1381.7
1573,Product_1573,Fashion,3388.47
1574,Product_1574,Sports,3218.02
1575,Product_1575,Sports,2140.19
1576,Product_1576,Home,4341.99
1577,Product_1577,Fashion,3753.42
1578,Product_1578,Grocery,4165.51
1579,Product_1579,Home,1765.42
1580,Product_1580,Sports,3332.38
1581,Product_1581,Fashion,3829.58
1582,Product_1582,Grocery,3361.3
1583,Product_1583,Electronics,327.97
1584,Product_1584,Electronics,2052.09
1585,Product_1585,Grocery,1778.65
1586,Product_1586,Electronics,2232.0
1587,Product_1587,Fashion,4708.73
1588,Product_1588,Grocery,509.93
1589,Product_1589,Sports,1229.86
1590,Product_1590,Home,3848.38
1591,Product_1591,Home,3957.6
1592,Product_1592,Sports,3720.72
1593,Product_1593,Sports,2264.08
1594,Product_1594,Home,620.3
1595,Product_1595,Electronics,3847.26
1596,Product_1596,Fashion,4195.54
1597,Product_1597,Electronics,1750.35
1598,Product_1598,Home,4051.26
1599,Product_1599,Electronics,1540.83
1600,Product_1600,Sports,4009.7
1601,Product_1601,Home,1526.46
1602,Product_1602,Electronics,2605.25
1603,Product_1603,Sports,1411.41
1604,Product_1604,Sports,3080.76
1605,Product_1605,Fashion,338.64
1606,Product_1606,Grocery,2541.41
1607,Product_1607,Electronics,1452.05
1608,Product_1608,Home,3385.51
1609,Product_1609,Fashion,1314.68
1610,Product_1610,Sports,182.71
1611,Product_1611,Home,2908.92
1612,Product_1612,Fashion,1085.04
1613,Product_1613,Grocery,1900.73
1614,Product_1614,Home,1620.82
1615,Product_1615,Electronics,3696.36
1616,Product_1616,Electronics,531.0
1617,Product_1617,Electronics,498.12
1618,Product_1618,Sports,4559.67
1619,Product_1619,Electronics,1891.13
1620,Product_1620,Fashion,4812.69
1621,Product_1621,Home,2081.27
1622,Product_1622,Sports,4490.48
1623,Product_1623,Fashion,2791.82
1624,Product_1624,Grocery,3002.45
1625,Product_1625,Fashion,428.05
1626,Product_1626,Home,4142.43
1627,Product_1627,Grocery,633.03
1628,Product_1628,Home,308.96
1629,Product_1629,Grocery,3629.9
1630,Product_1630,Sports,3271.63
1631,Product_1631,Electronics,91.15
1632,Product_1632,Grocery,4429.51
1633,Product_1633,Home,3300.37
1634,Product_1634,Fashion,1360.25
1635,Product_1635,Home,3100.19
1636,Product_1636,Grocery,3330.35
1637,Product_1637,Fashion,92.83
1638,Product_1638,Grocery,1517.71
1639,Product_1639,Sports,4122.05
1640,Product_1640,Home,4355.21
1641,Product_1641,Sports,4610.87
1642,Product_1642,Sports,4329.09
1643,Product_1643,Electronics,747.49
1644,Product_1644,Fashion,4276.63
1645,Product_1645,Fashion,2378.88
1646,Product_1646,Sports,3063.81
1647,Product_1647,Fashion,1436.2
1648,Product_1648,Fashion,1963.65
1649,Product_1649,Grocery,913.8
1650,Product_1650,Electronics,4680.6
1651,Product_1651,Sports,2434.81
1652,Product_1652,Home,4598.31
1653,Product_1653,Grocery,4934.0
1654,Product_1654,Home,448.99
1655,Product_1655,Grocery,438.69
1656,Product_1656,Sports,2520.23
1657,Product_1657,Fashion,284.73
1658,Product_1658,Grocery,1753.48
1659,Product_1659,Grocery,3126.4
1660,Product_1660,Home,2147.93
1661,Product_1661,Sports,3117.38
1662,Product_1662,Sports,2616.43
1663,Product_1663,Sports,2302.23
1664,Product_1664,Home,2647.45
1665,Product_1665,Fashion,1686.68
1666,Product_1666,Fashion,1680.48
1667,Product_1667,Fashion,4423.21
1668,Product_1668,Grocery,4834.06
1669,Product_1669,Electronics,1424.29
1670,Product_1670,Grocery,4594.43
1671,Product_1671,Sports,3624.12
1672,Product_1672,Grocery,4956.07
1673,Product_1673,Electronics,2108.95
1674,Product_1674,Sports,3471.72
1675,Product_1675,Home,2203.07
1676,Product_1676,Electronics,1697.71
1677,Product_1677,Sports,4939.96
1678,Product_1678,Home,1083.53
1679,Product_1679,Sports,4484.27
1680,Product_1680,Electronics,3033.91
1681,Product_1681,Fashion,808.3
1682,Product_1682,Sports,4215.37
1683,Product_1683,Fashion,1467.4
1684,Product_1684,Grocery,2418.66
1685,Product_1685,Fashion,2138.56
1686,Product_1686,Electronics,2065.26
1687,Product_1687,Home,4906.88
1688,Product_1688,Home,2794.2
1689,Product_1689,Grocery,723.71
1690,Product_1690,Grocery,3521.09
1691,Product_1691,Electronics,4345.67
1692,Product_1692,Home,4832.14
1693,Product_1693,Home,189.7
1694,Product_1694,Fashion,1709.67
1695,Product_1695,Fashion,2616.38
1696,Product_1696,Electronics,4840.61
1697,Product_1697,Grocery,1924.9
1698,Product_1698,Home,3547.44
1699,Product_1699,Fashion,3196.54
1700,Product_1700,Electronics,1244.3
1701,Product_1701,Home,1105.24
1702,Product_1702,Grocery,4803.1
1703,Product_1703,Home,4051.71
1704,Product_1704,Home,383.66
1705,Product_1705,Grocery,3196.91
1706,Product_1706,Home,1457.13
1707,Product_1707,Fashion,4367.41
1708,Product_1708,Electronics,2120.93
1709,Product_1709,Electronics,4009.01
1710,Product_1710,Electronics,693.79
1711,Product_1711,Electronics,1088.05
1712,Product_1712,Grocery,2483.14
1713,Product_1713,Home,2810.12
1714,Product_1714,Electronics,2720.95
1715,Product_1715,Home,4535.54
1716,Product_1716,Fashion,433.99
1717,Product_1717,Sports,1766.25
1718,Product_1718,Home,1690.08
1719,Product_1719,Fashion,1914.71
1720,Product_1720,Fashion,2193.39
1721,Product_1721,Electronics,445.53
1722,Product_1722,Sports,867.97
1723,Product_1723,Grocery,3419.28
1724,Product_1724,Electronics,1726.01
1725,Product_1725,Sports,4693.8
1726,Product_1726,Home,3539.22
1727,Product_1727,Electronics,2192.32
1728,Product_1728,Fashion,4561.09
1729,Product_1729,Sports,4179.2
1730,Product_1730,Sports,1398.92
1731,Product_1731,Sports,4615.6
1732,Product_1732,Fashion,2653.56
1733,Product_1733,Sports,919.24
1734,Product_1734,Sports,4458.28
1735,Product_1735,Home,4951.23
1736,Product_1736,Fashion,4422.97
1737,Product_1737,Grocery,812.87
1738,Product_1738,Grocery,442.25
1739,Product_1739,Grocery,4206.69
1740,Product_1740,Sports,4081.73
1741,Product_1741,Home,2799.66
1742,Product_1742,Grocery,501.3
1743,Product_1743,Grocery,1087.56
1744,Product_1744,Grocery,4593.92
1745,Product_1745,Home,4343.93
1746,Product_1746,Fashion,2638.62
1747,Product_1747,Home,677.54
1748,Product_1748,Home,4650.86
1749,Product_1749,Grocery,2748.44
1750,Product_1750,Sports,2166.01
1751,Product_1751,Fashion,3527.0
1752,Product_1752,Grocery,971.46
1753,Product_1753,Home,2669.46
1754,Product_1754,Grocery,4908.71
1755,Product_1755,Sports,790.24
1756,Product_1756,Home,4970.01
1757,Product_1757,Grocery,2271.74
1758,Product_1758,Home,4164.25
1759,Product_1759,Electronics,4851.25
1760,Product_1760,Sports,2063.16
1761,Product_1761,Grocery,1176.4
1762,Product_1762,Fashion,1366.5
1763,Product_1763,Fashion,4075.67
1764,Product_1764,Fashion,2427.68
1765,Product_1765,Grocery,4459.0
1766,Product_1766,Grocery,1004.75
1767,Product_1767,Home,4300.95
1768,Product_1768,Electronics,2523.54
1769,Product_1769,Fashion,326.88
1770,Product_1770,Sports,1104.18
1771,Product_1771,Sports,1814.44
1772,Product_1772,Electronics,2375.59
1773,Product_1773,Home,4710.52
1774,Product_1774,Grocery,1142.1
1775,Product_1775,Fashion,892.57
1776,Product_1776,Home,4088.28
1777,Product_1777,Electronics,4617.77
1778,Product_1778,Grocery,1595.25
1779,Product_1779,Electronics,3953.86
1780,Product_1780,Grocery,3828.35
1781,Product_1781,Fashion,1688.78
1782,Product_1782,Home,1487.25
1783,Product_1783,Grocery,2629.98
1784,Product_1784,Home,4906.46
1785,Product_1785,Home,4467.25
1786,Product_1786,Fashion,3263.73
1787,Product_1787,Home,566.09
1788,Product_1788,Sports,2409.55
1789,Product_1789,Electronics,2710.31
1790,Product_1790,Sports,1830.44
1791,Product_1791,Fashion,2135.56
1792,Product_1792,Home,2028.67
1793,Product_1793,Home,1202.59
1794,Product_1794,Fashion,4214.97
1795,Product_1795,Electronics,1931.56
1796,Product_1796,Fashion,1520.25
1797,Product_1797,Fashion,2598.75
1798,Product_1798,Home,3743.33
1799,Product_1799,Grocery,2522.33
1800,Product_1800,Grocery,1075.78
1801,Product_1801,Electronics,3136.82
1802,Product_1802,Grocery,4825.97
1803,Product_1803,Sports,1452.95
1804,Product_1804,Sports,1684.96
1805,Product_1805,Home,2352.96
1806,Product_1806,Home,193.59
1807,Product_1807,Grocery,4461.28
1808,Product_1808,Fashion,3403.08
1809,Product_1809,Sports,4703.08
1810,Product_1810,Fashion,4209.51
1811,Product_1811,Home,4796.49
1812,Product_1812,Home,1409.21
1813,Product_1813,Sports,2092.27
1814,Product_1814,Grocery,2993.47
1815,Product_1815,Grocery,342.83
1816,Product_1816,Electronics,4723.07
1817,Product_1817,Grocery,1165.68
1818,Product_1818,Electronics,2900.81
1819,Product_1819,Grocery,3484.35
1820,Product_1820,Sports,3620.64
1821,Product_1821,Home,2519.06
1822,Product_1822,Grocery,761.71
1823,Product_1823,Home,1276.37
1824,Product_1824,Electronics,2771.13
1825,Product_1825,Sports,1636.32
1826,Product_1826,Electronics,3886.55
1827,Product_1827,Electronics,239.05
1828,Product_1828,Fashion,4735.9
1829,Product_1829,Grocery,4102.12
1830,Product_1830,Grocery,2312.32
1831,Product_1831,Home,1664.08
1832,Product_1832,Home,154.82
1833,Product_1833,Sports,2480.46
1834,Product_1834,Electronics,3846.39
1835,Product_1835,Home,4990.02
1836,Product_1836,Home,1860.78
1837,Product_1837,Fashion,3317.25
1838,Product_1838,Sports,2340.27
1839,Product_1839,Fashion,3355.54
1840,Product_1840,Home,1799.59
1841,Product_1841,Fashion,1736.1
1842,Product_1842,Fashion,3077.45
1843,Product_1843,Electronics,4882.5
1844,Product_1844,Fashion,4460.61
1845,Product_1845,Grocery,4487.93
1846,Product_1846,Home,3457.23
1847,Product_1847,Electronics,713.32
1848,Product_1848,Fashion,2243.4
1849,Product_1849,Fashion,2594.03
1850,Product_1850,Sports,4492.97
1851,Product_1851,Fashion,1160.07
1852,Product_1852,Fashion,4713.2
1853,Product_1853,Fashion,698.36
1854,Product_1854,Electronics,759.89
1855,Product_1855,Sports,4714.9
1856,Product_1856,Sports,3243.93
1857,Product_1857,Electronics,861.93
1858,Product_1858,Fashion,2002.07
1859,Product_1859,Electronics,526.59
1860,Product_1860,Grocery,3070.78
1861,Product_1861,Fashion,508.03
1862,Product_1862,Fashion,2482.56
1863,Product_1863,Electronics,1632.36
1864,Product_1864,Electronics,4028.96
1865,Product_1865,Grocery,3957.99
1866,Product_1866,Home,2394.24
1867,Product_1867,Fashion,3836.92
1868,Product_1868,Electronics,2342.99
1869,Product_1869,Sports,2588.81
1870,Product_1870,Electronics,750.41
1871,Product_1871,Fashion,983.34
1872,Product_1872,Grocery,3431.85
1873,Product_1873,Electronics,902.9
1874,Product_1874,Fashion,3939.58
1875,Product_1875,Fashion,4396.36
1876,Product_1876,Grocery,97.55
1877,Product_1877,Home,2934.61
1878,Product_1878,Electronics,1206.08
1879,Product_1879,Electronics,2900.58
1880,Product_1880,Electronics,921.34
1881,Product_1881,Electronics,4122.57
1882,Product_1882,Grocery,1840.4
1883,Product_1883,Sports,1800.23
1884,Product_1884,Sports,1619.07
1885,Product_1885,Electronics,352.6
1886,Product_1886,Home,1447.45
1887,Product_1887,Fashion,3058.52
1888,Product_1888,Grocery,488.28
1889,Product_1889,Fashion,4525.98
1890,Product_1890,Electronics,1547.31
1891,Product_1891,Sports,477.4
1892,Product_1892,Electronics,480.45
1893,Product_1893,Fashion,1059.53
1894,Product_1894,Grocery,3718.02
1895,Product_1895,Sports,1346.83
1896,Product_1896,Home,3564.76
1897,Product_1897,Grocery,389.85
1898,Product_1898,Sports,3024.09
1899,Product_1899,Grocery,2190.41
1900,Product_1900,Home,4467.84
1901,Product_1901,Electronics,2756.98
1902,Product_1902,Grocery,968.92
1903,Product_1903,Grocery,1487.25
1904,Product_1904,Electronics,624.07
1905,Product_1905,Grocery,796.15
1906,Product_1906,Grocery,3115.27
1907,Product_1907,Grocery,2537.38
1908,Product_1908,Fashion,245.2
1909,Product_1909,Fashion,2980.71
1910,Product_1910,Grocery,2824.39
1911,Product_1911,Sports,3109.44
1912,Product_1912,Sports,301.16
1913,Product_1913,Electronics,3241.39
1914,Product_1914,Home,2913.06
1915,Product_1915,Fashion,1544.99
1916,Product_1916,Electronics,831.03
1917,Product_1917,Electronics,4131.28
1918,Product_1918,Sports,3396.7
1919,Product_1919,Grocery,228.7
1920,Product_1920,Grocery,397.01
1921,Product_1921,Home,1001.36
1922,Product_1922,Grocery,4822.92
1923,Product_1923,Grocery,515.8
1924,Product_1924,Home,1205.85
1925,Product_1925,Home,4410.96
1926,Product_1926,Fashion,2470.83
1927,Product_1927,Electronics,4870.31
1928,Product_1928,Electronics,4560.85
1929,Product_1929,Grocery,106.16
1930,Product_1930,Sports,3469.37
1931,Product_1931,Electronics,506.6
1932,Product_1932,Home,4444.89
1933,Product_1933,Fashion,1488.28
1934,Product_1934,Electronics,4075.05
1935,Product_1935,Grocery,604.47
1936,Product_1936,Electronics,3919.52
1937,Product_1937,Grocery,3829.04
1938,Product_1938,Fashion,1398.53
1939,Product_1939,Home,2982.55
1940,Product_1940,Home,187.69
1941,Product_1941,Sports,429.24
1942,Product_1942,Home,2400.01
1943,Product_1943,Home,1757.46
1944,Product_1944,Grocery,2296.22
1945,Product_1945,Home,1822.62
1946,Product_1946,Electronics,802.52
1947,Product_1947,Grocery,4136.27
1948,Product_1948,Electronics,632.48
1949,Product_1949,Home,4184.48
1950,Product_1950,Sports,4800.42
1951,Product_1951,Electronics,3654.04
1952,Product_1952,Electronics,3279.0
1953,Product_1953,Home,1611.51
1954,Product_1954,Electronics,4883.94
1955,Product_1955,Sports,4772.83
1956,Product_1956,Grocery,3079.65
1957,Product_1957,Home,349.11
1958,Product_1958,Electronics,4354.75
1959,Product_1959,Sports,117.64
1960,Product_1960,Home,3057.3
1961,Product_1961,Home,4574.29
1962,Product_1962,Sports,2016.2
1963,Product_1963,Grocery,1265.54
1964,Product_1964,Grocery,4934.73
1965,Product_1965,Home,1130.09
1966,Product_1966,Home,343.36
1967,Product_1967,Fashion,585.07
1968,Product_1968,Electronics,2638.43
1969,Product_1969,Sports,3917.69
1970,Product_1970,Electronics,2502.61
1971,Product_1971,Electronics,1408.02
1972,Product_1972,Grocery,2819.19
1973,Product_1973,Grocery,1285.75
1974,Product_1974,Electronics,1526.31
1975,Product_1975,Home,4005.45
1976,Product_1976,Sports,1721.34
1977,Product_1977,Fashion,3902.67
1978,Product_1978,Sports,1462.31
1979,Product_1979,Sports,3482.77
1980,Product_1980,Grocery,1003.85
1981,Product_1981,Fashion,1254.86
1982,Product_1982,Electronics,3018.9
1983,Product_1983,Home,4211.61
1984,Product_1984,Sports,973.2
1985,Product_1985,Fashion,4262.04
1986,Product_1986,Grocery,4571.0
1987,Product_1987,Sports,3445.19
1988,Product_1988,Fashion,4730.48
1989,Product_1989,Electronics,1812.55
1990,Product_1990,Electronics,1097.29
1991,Product_1991,Home,4476.12
1992,Product_1992,Grocery,3919.53
1993,Product_1993,Sports,4600.72
1994,Product_1994,Grocery,4316.56
1995,Product_1995,Sports,2170.41
1996,Product_1996,Grocery,2825.93
1997,Product_1997,Home,2761.63
1998,Product_1998,Sports,1017.49
1999,Product_1999,Grocery,4213.88
2000,Product_2000,Grocery,769.58
26,Product_26,Fashion,2699.13
